{
	"info": {
		"_postman_id": "8062c229-2b73-4523-9f5f-d26adc8b542f",
		"name": "MobileShop",
		"schema": "https://schema.getpostman.com/json/collection/v2.1.0/collection.json",
		"_exporter_id": "6891003"
	},
	"item": [
		{
			"name": "user",
			"item": [
				{
					"name": "registerUser",
					"request": {
						"method": "POST",
						"header": [],
						"body": {
							"mode": "raw",
							"raw": "{\n    \"name\":\"rajiv\",\n    \"email\":\"rajiv@gmail.com\",\n    \"password\":\"rajiv\",\n    \"mobile\":\"1234567890\",\n    \"birth\":\"1980-03-24\"\n}",
							"options": {
								"raw": {
									"language": "json"
								}
							}
						},
						"url": {
							"raw": "http://localhost:8080/users",
							"protocol": "http",
							"host": [
								"localhost"
							],
							"port": "8080",
							"path": [
								"users"
							]
						}
					},
					"response": []
				},
				{
					"name": "updateUser",
					"request": {
						"method": "PUT",
						"header": [],
						"body": {
							"mode": "raw",
							"raw": "{\n    \"name\":\"rohan\",\n    \"email\":\"rohan@gmail.com\",\n    \"password\":\"rohan\",\n    \"mobile\":\"1234567890\",\n    \"birth\":\"1980-03-24\"\n}",
							"options": {
								"raw": {
									"language": "json"
								}
							}
						},
						"url": {
							"raw": "http://localhost:8080/users/3",
							"protocol": "http",
							"host": [
								"localhost"
							],
							"port": "8080",
							"path": [
								"users",
								"3"
							]
						}
					},
					"response": []
				},
				{
					"name": "loginUser",
					"request": {
						"method": "POST",
						"header": [],
						"body": {
							"mode": "raw",
							"raw": "{\n    \"email\":\"nilesh@gmail.com\",\n    \"password\":\"nilesh123\"\n}",
							"options": {
								"raw": {
									"language": "json"
								}
							}
						},
						"url": {
							"raw": "http://localhost:8080/users/login",
							"protocol": "http",
							"host": [
								"localhost"
							],
							"port": "8080",
							"path": [
								"users",
								"login"
							]
						}
					},
					"response": []
				},
				{
					"name": "getUserById",
					"request": {
						"method": "GET",
						"header": [],
						"url": {
							"raw": "http://localhost:8080/users/1",
							"protocol": "http",
							"host": [
								"localhost"
							],
							"port": "8080",
							"path": [
								"users",
								"1"
							]
						}
					},
					"response": []
				},
				{
					"name": "deleteUserById",
					"request": {
						"method": "DELETE",
						"header": [],
						"url": {
							"raw": "http://localhost:8080/users/3",
							"protocol": "http",
							"host": [
								"localhost"
							],
							"port": "8080",
							"path": [
								"users",
								"3"
							]
						}
					},
					"response": []
				},
				{
					"name": "getUserById Copy",
					"request": {
						"method": "GET",
						"header": [],
						"url": {
							"raw": "http://localhost:8080/users/email/nilesh@gmail.com",
							"protocol": "http",
							"host": [
								"localhost"
							],
							"port": "8080",
							"path": [
								"users",
								"email",
								"nilesh@gmail.com"
							]
						}
					},
					"response": []
				},
				{
					"name": "All Users",
					"request": {
						"method": "GET",
						"header": [],
						"url": {
							"raw": "http://localhost:8080/users",
							"protocol": "http",
							"host": [
								"localhost"
							],
							"port": "8080",
							"path": [
								"users"
							]
						}
					},
					"response": []
				}
			]
		},
		{
			"name": "mobile",
			"item": [
				{
					"name": "getAllMobiles",
					"request": {
						"method": "GET",
						"header": [],
						"url": {
							"raw": "http://localhost:8080/mobiles",
							"protocol": "http",
							"host": [
								"localhost"
							],
							"port": "8080",
							"path": [
								"mobiles"
							]
						}
					},
					"response": []
				},
				{
					"name": "getMobileById",
					"request": {
						"method": "GET",
						"header": [],
						"url": {
							"raw": "http://localhost:8080/mobiles/2",
							"protocol": "http",
							"host": [
								"localhost"
							],
							"port": "8080",
							"path": [
								"mobiles",
								"2"
							]
						}
					},
					"response": []
				},
				{
					"name": "getImage",
					"request": {
						"method": "GET",
						"header": [],
						"url": {
							"raw": "http://localhost:8080/images/9ASport.jpg",
							"protocol": "http",
							"host": [
								"localhost"
							],
							"port": "8080",
							"path": [
								"images",
								"9ASport.jpg"
							]
						}
					},
					"response": []
				},
				{
					"name": "Add Mobile",
					"request": {
						"method": "POST",
						"header": [],
						"body": {
							"mode": "formdata",
							"formdata": [
								{
									"key": "name",
									"value": "Google Pixel8",
									"type": "text"
								},
								{
									"key": "ram",
									"value": "8",
									"type": "text"
								},
								{
									"key": "storage",
									"value": "256",
									"type": "text"
								},
								{
									"key": "company",
									"value": "google",
									"type": "text"
								},
								{
									"key": "price",
									"value": "60000",
									"type": "text"
								},
								{
									"key": "imageFile",
									"type": "file",
									"src": "/home/nilesh/mar-24/dmc/pixel-8.jpg"
								}
							]
						},
						"url": {
							"raw": "http://localhost:8080/mobiles",
							"protocol": "http",
							"host": [
								"localhost"
							],
							"port": "8080",
							"path": [
								"mobiles"
							]
						}
					},
					"response": []
				}
			]
		},
		{
			"name": "orders",
			"item": [
				{
					"name": "addOrder",
					"request": {
						"method": "POST",
						"header": [],
						"body": {
							"mode": "raw",
							"raw": "{\n    \"uid\":2,\n    \"mid\":1\n}",
							"options": {
								"raw": {
									"language": "json"
								}
							}
						},
						"url": {
							"raw": "http://localhost:8080/orders",
							"protocol": "http",
							"host": [
								"localhost"
							],
							"port": "8080",
							"path": [
								"orders"
							]
						}
					},
					"response": []
				},
				{
					"name": "Ordered Mobiles",
					"request": {
						"method": "GET",
						"header": [],
						"url": {
							"raw": "http://localhost:8080/orders/user/2",
							"protocol": "http",
							"host": [
								"localhost"
							],
							"port": "8080",
							"path": [
								"orders",
								"user",
								"2"
							]
						}
					},
					"response": []
				}
			]
		}
	],
	"event": [
		{
			"listen": "prerequest",
			"script": {
				"type": "text/javascript",
				"exec": [
					""
				]
			}
		},
		{
			"listen": "test",
			"script": {
				"type": "text/javascript",
				"exec": [
					""
				]
			}
		}
	],
	"variable": [
		{
			"key": "URL",
			"value": "http://localhost:4000",
			"type": "default"
		}
	]
}